outer_diam_mm,grain_length_mm,core_diam_mm,throat_mm,grains,isp,apogee_m,burn_time_s,score
59.11206305309946,77.25344001720038,39.68369474934582,14.001070949389067,3,110.77487100858788,1002.8579408594795,0.9497999999999117,-0.5538661872169831
58.50271722962444,88.90964592424427,29.41659532310654,12.564690013384885,2,108.4974651715594,998.8232784493675,1.437899999999858,-0.5424859411841892
59.40532922575191,109.22842426293761,39.98045368439999,14.734374551344507,2,108.74217806180604,895.4794581063211,0.9588999999999107,-0.5327863466312819
59.981529548530546,93.2335185384724,37.85146518486779,12.895944409891356,2,109.84815765590004,840.3537592850162,1.0863999999998968,-0.5237538661050736
59.40082215994105,61.51577630591976,36.60722692254861,13.64934031769575,3,108.03860770580259,822.4085959295902,1.129499999999892,-0.5086543317293134
