outer_diam_mm,grain_length_mm,core_diam_mm,throat_mm,grains,isp,apogee_m,burn_time_s,score
58.68083404610396,85.3019337062577,38.335014927059355,17.46985273164226,1,87.50138759147235,97.43343006693792,1.0900999999998964,0.37711947520337114
